nazev;id_znacka
Lifebar tyčinka červená řepa RAW BIO 47 g;8
Lifebar tyčinka třešňová RAW BIO 47 g;8
Lifebar tyčinka fíková RAW BIO 47 g;8
Lifebar tyčinka čokoládová RAW BIO 47 g;8
Lifebar tyčinka čokoládová RAW BIO 25 g;8
Lifebar tyčinka kokosová RAW BIO 47 g;8
Lifebar tyčinka kokosová RAW BIO 25 g;8
Lifebar tyčinka meruňková RAW BIO 47 g;8
Lifebar tyčinka brazilská RAW BIO 47 g;8
Lifebar tyčinka brazilská RAW BIO 25 g;8
Lifebar tyčinka karobová s lískovými oříšky RAW BIO 47 g;8
Lifebar tyčinka jablečná RAW BIO 47 g;8
Lifebar tyčinka jablečná RAW BIO 25 g;8
Lifebar InChoco tyčinka švestka RAW BIO 40 g;8
Lifebar InChoco tyčinka pomeranč RAW BIO 40 g;8
Lifebar InChoco tyčinka Cacao Vanilla RAW BIO 40 g;8
Lifebar Protein tyčinka Wild Berry RAW BIO 47 g;8
Lifebar Protein tyčinka Nuts&Vanilla RAW BIO 47 g;8
Lifebar Protein tyčinka Strawberry RAW BIO 47 g;8
Lifebar Protein tyčinka Raspberry RAW BIO 47 g;8
Lifebar Protein tyčinka Chocolate Green RAW BIO 47 g;8
Lifebar Superfoods tyčinka Maca Baobab RAW BIO 47 g;8
Lifebar Superfoods tyčinka Brazil Guarana RAW BIO 47 g;8
Lifebar Superfoods tyčinka Chia Pistachio RAW BIO 47 g;8
Lifebar Superfoods tyčinka Blueberry Quinoa RAW BIO 47 g;8
Lifebar Superfoods tyčinka Acai Banana RAW BIO 47 g;8
tyčinka Hemp & Fig BIO 48 g;9
tyčinka Hemp & Cocoa BIO 48 g;9
tyčinka Hemp & Black Sesame BIO 48 g;9
tyčinka Hemp & Sour Cherry BIO 48 g;9
tyčinka Hemp & Cranberry BIO 48 g;9
tyčinka Hemp & Mango & Sea Buckthorn BIO 48 g;9
tyčinka Raspberry & Almond BIO 42 g;10
tyčinka Chocolate & Walnut BIO 42 g;10
tyčinka Liquorice & Almond BIO 42 g;10
tyčinka Caramel & Hazelnut BIO 42 g;10
No-Bake White Chocolate Blueberry Crumble BIO 35 g;10
No-Bake Apple Crumble BIO 35 g;10
No-Bake Banana M*lk Chocolate Crumble BIO 35 g;10
No-Bake Chocolate Crumble BIO 35 g;10
No-Bake Raspberry Crumble BIO 35 g;10
Handmade Swedish Chocolate Ball BIO 25 g;10
Handmade Swedish Cinnamon Bun Ball BIO 25 g;10
Handmade Swedish Lemon Cake Ball BIO 25 g;10
